Id,OwnerId,IsDeleted,Name,CreatedDate,CreatedById,LastModifiedDate,LastModifiedById,SystemModstamp,nFORCE__Generator_Class__c,nFORCE__lookupKey__c,nFORCE__Category__c,nFORCE__Layout_Description__c,nFORCE__Layout_Preview_Image__c,nFORCE__Visualforce_Page__c,AutorabitExtId__c
"a314T000000Xm6jQAC","0054T000000ZYm5QAG","","NoLayout","2019-09-09T15:17:11.000Z","0054T000000ZYm5QAG","2019-09-09T15:17:11.000Z","0054T000000ZYm5QAG","","Html.Layouts.NoLayout","42270145192339632","","","","",""
"a314T000000Xm6kQAC","0054T000000ZYm5QAG","","TableLayout","2019-09-09T15:17:11.000Z","0054T000000ZYm5QAG","2019-09-09T15:17:11.000Z","0054T000000ZYm5QAG","","Html.Layouts.TableLayout","42059712572281356","","","","",""
"a314T000000Xm6lQAC","0054T000000ZYm5QAG","","NoLayout","2019-09-09T15:17:11.000Z","0054T000000ZYm5QAG","2019-09-09T15:17:11.000Z","0054T000000ZYm5QAG","","Html.Layouts.NoLayout","42313861849735497","","","","",""
"a314T000000Xm6mQAC","0054T000000ZYm5QAG","","TableLayout","2019-09-09T15:17:11.000Z","0054T000000ZYm5QAG","2019-09-09T15:17:11.000Z","0054T000000ZYm5QAG","","Html.Layouts.TableLayout","42061211936022824","","","","",""
"a314T000000Xm6nQAC","0054T000000ZYm5QAG","","NoLayout","2019-09-09T15:17:11.000Z","0054T000000ZYm5QAG","2019-09-09T15:17:11.000Z","0054T000000ZYm5QAG","","Html.Layouts.NoLayout","42005825682412510","","","","",""
"a314T000000Xm6oQAC","0054T000000ZYm5QAG","","TableLayout","2019-09-09T15:17:11.000Z","0054T000000ZYm5QAG","2019-09-09T15:17:11.000Z","0054T000000ZYm5QAG","","Html.Layouts.TableLayout","42746399629171131","","","","",""
"a314T000000Xm6pQAC","0054T000000ZYm5QAG","","NoLayout","2019-09-09T15:17:11.000Z","0054T000000ZYm5QAG","2019-09-09T15:17:11.000Z","0054T000000ZYm5QAG","","Html.Layouts.NoLayout","42691677233958226","","","","",""
"a314T000000Xm6qQAC","0054T000000ZYm5QAG","","TableLayout","2019-09-09T15:17:11.000Z","0054T000000ZYm5QAG","2019-09-09T15:17:11.000Z","0054T000000ZYm5QAG","","Html.Layouts.TableLayout","42676213382717576","","","","",""
"a314T000000Xm6rQAC","0054T000000ZYm5QAG","","NoLayout","2019-09-09T15:17:11.000Z","0054T000000ZYm5QAG","2019-09-09T15:17:11.000Z","0054T000000ZYm5QAG","","Html.Layouts.NoLayout","42466568345406574","","","","",""
"a314T000000Xm6sQAC","0054T000000ZYm5QAG","","NoLayout","2019-09-09T15:17:11.000Z","0054T000000ZYm5QAG","2019-09-09T15:17:11.000Z","0054T000000ZYm5QAG","","Html.Layouts.NoLayout","42723597897851173","","","","",""
"a314T000000Xm6tQAC","0054T000000ZYm5QAG","","TableLayout","2019-09-09T15:17:11.000Z","0054T000000ZYm5QAG","2019-09-09T15:17:11.000Z","0054T000000ZYm5QAG","","Html.Layouts.TableLayout","42351120149742574","","","","",""
"a314T000000Xm6uQAC","0054T000000ZYm5QAG","","NoLayout","2019-09-09T15:17:11.000Z","0054T000000ZYm5QAG","2019-09-09T15:17:11.000Z","0054T000000ZYm5QAG","","Html.Layouts.NoLayout","42556302974020760","","","","",""
"a314T000000Xm6vQAC","0054T000000ZYm5QAG","","TableLayout","2019-09-09T15:17:11.000Z","0054T000000ZYm5QAG","2019-09-09T15:17:11.000Z","0054T000000ZYm5QAG","","Html.Layouts.TableLayout","42385224124040781","","","","",""
"a314T000000Xm6wQAC","0054T000000ZYm5QAG","","NoLayout","2019-09-09T15:17:11.000Z","0054T000000ZYm5QAG","2019-09-09T15:17:11.000Z","0054T000000ZYm5QAG","","Html.Layouts.NoLayout","42073830759538014","","","","",""
"a314T000000Xm6xQAC","0054T000000ZYm5QAG","","NoLayout","2019-09-09T15:17:11.000Z","0054T000000ZYm5QAG","2019-09-09T15:17:11.000Z","0054T000000ZYm5QAG","","Html.Layouts.NoLayout","42971704405748197","","","","",""
"a314T000000Xm6yQAC","0054T000000ZYm5QAG","","NoLayout","2019-09-09T15:17:11.000Z","0054T000000ZYm5QAG","2019-09-09T15:17:11.000Z","0054T000000ZYm5QAG","","Html.Layouts.NoLayout","42152076615172737","","","","",""
"a314T000000Xm6zQAC","0054T000000ZYm5QAG","","TableLayout","2019-09-09T15:17:11.000Z","0054T000000ZYm5QAG","2019-09-09T15:17:11.000Z","0054T000000ZYm5QAG","","Html.Layouts.TableLayout","42989330865645377","","","","",""
"a314T000000Xm70QAC","0054T000000ZYm5QAG","","NoLayout","2019-09-09T15:17:11.000Z","0054T000000ZYm5QAG","2019-09-09T15:17:11.000Z","0054T000000ZYm5QAG","","Html.Layouts.NoLayout","42726410506632690","","","","",""
"a314T000000Xm71QAC","0054T000000ZYm5QAG","","NoLayout","2019-09-09T15:17:11.000Z","0054T000000ZYm5QAG","2019-09-09T15:17:11.000Z","0054T000000ZYm5QAG","","Html.Layouts.NoLayout","42590040500817630","","","","",""
"a314T000000Xm72QAC","0054T000000ZYm5QAG","","NoLayout","2019-09-09T15:17:11.000Z","0054T000000ZYm5QAG","2019-09-09T15:17:11.000Z","0054T000000ZYm5QAG","","Html.Layouts.NoLayout","42021469599969477","","","","",""
"a314T000000Xm73QAC","0054T000000ZYm5QAG","","TableLayout","2019-09-09T15:17:11.000Z","0054T000000ZYm5QAG","2019-09-09T15:17:11.000Z","0054T000000ZYm5QAG","","Html.Layouts.TableLayout","42318016280682445","","","","",""
"a314T000000Xm74QAC","0054T000000ZYm5QAG","","NoLayout","2019-09-09T15:17:11.000Z","0054T000000ZYm5QAG","2019-09-09T15:17:11.000Z","0054T000000ZYm5QAG","","Html.Layouts.NoLayout","42218048803858767","","","","",""
"a314T000000Xm75QAC","0054T000000ZYm5QAG","","NoLayout","2019-09-09T15:17:11.000Z","0054T000000ZYm5QAG","2019-09-09T15:17:11.000Z","0054T000000ZYm5QAG","","Html.Layouts.NoLayout","42057433763814423","","","","",""
"a314T000000Xm76QAC","0054T000000ZYm5QAG","","TableLayout","2019-09-09T15:17:11.000Z","0054T000000ZYm5QAG","2019-09-09T15:17:11.000Z","0054T000000ZYm5QAG","","Html.Layouts.TableLayout","42448857415923234","","","","",""
"a314T000000Xm77QAC","0054T000000ZYm5QAG","","NoLayout","2019-09-09T15:17:11.000Z","0054T000000ZYm5QAG","2019-09-09T15:17:11.000Z","0054T000000ZYm5QAG","","Html.Layouts.NoLayout","42369451015087085","","","","",""
"a314T000000Xm78QAC","0054T000000ZYm5QAG","","NoLayout","2019-09-09T15:17:11.000Z","0054T000000ZYm5QAG","2019-09-09T15:17:11.000Z","0054T000000ZYm5QAG","","Html.Layouts.NoLayout","42205631175715577","","","","",""
"a314T000000Xm79QAC","0054T000000ZYm5QAG","","NoLayout","2019-09-09T15:17:11.000Z","0054T000000ZYm5QAG","2019-09-09T15:17:11.000Z","0054T000000ZYm5QAG","","Html.Layouts.NoLayout","42472111695527391","","","","",""
"a314T000000Xm7AQAS","0054T000000ZYm5QAG","","TableLayout","2019-09-09T15:17:11.000Z","0054T000000ZYm5QAG","2019-09-09T15:17:11.000Z","0054T000000ZYm5QAG","","Html.Layouts.TableLayout","42748241135923983","","","","",""
